Paper,Citation_Count,Degree_Centrality
"AGRAWAL R, 1993, FOUNDATIONS OF DATA ORGANIZATION AND ALGORITHMS 4TH INTERNATIONAL CONFERENCE FODO '93 PROCEEDINGS",2,1.0
"APPARICIO P, 2007, INT J HEALTH GEOGR",2,1.0
"AN R, 2012, AM J PREV MED",2,1.0
"ANDREYEVA T, 2008, HEALTH AFFAIR",2,1.0
"ANKERST M, 1999, SIGMOD RECORD",2,1.0
"ADAMS E, 2003, J NUTR",2,1.0
"ABEYKOON A, 2017, PUBLIC HEALTH NUTR",2,1.0
"ABUSABHA R, 2011, J AM DIET ASSOC",2,1.0
"[ANONYMOUS], 2013, P 8 INT C BOD AR NET",2,1.0
"AAZAM M, 2018, FUTURE GENER COMP SY",2,1.0
"ATASH F, 1994, J URBAN PLAN D-ASCE",2,1.0
"AGGARWAL A, 2014, AM J PUBLIC HEALTH",2,1.0
"ALWITT L, 1997, J CONSUM AFF",2,1.0
"AJZEN I, 1991, ORGAN BEHAV HUM DEC",2,1.0
"AIRHIHENBUWA C, 1996, ETHN HEALTH",2,1.0
"AHERN M, 2011, J RURAL HEALTH",2,1.0
"AHAS R, 2005, FUTURES",2,1.0
"ABEL K, 2020, SUSTAIN CITIES SOC",2,1.0
"ALGERT S, 2006, AM J PREV MED",2,1.0
"AGARAP A, 2018, PROCEEDINGS OF 2018 10TH INTERNATIONAL CONFERENCE ON MACHINE LEARNING AND COMPUTING (ICMLC 2018)",2,1.0
"AIJAZ A, 2013, IEEE WIREL COMMUN",2,1.0
"APPLEBY G, 2020, AAAI CONF ARTIF INTE",2,1.0
"[ANONYMOUS], 2012, CENSUS TRACT LEVEL STATE MAPS OF THE MODIFIED RETAIL FOOD ENVIRONMENT INDEX (MRFEI) [ANONYMOUS]",2,1.0
"AHVENNIEMI H, 2017, CITIES",2,1.0
"ABADI A, 2015, IEEE T INTELL TRANSP",2,1.0
"ALKON A, 2012, BLACK",2,1.0
"ALKON A, 2013, GEOFORUM",2,1.0
"AJI A, 2013, PROC VLDB ENDOW",2,1.0
"ADOMAVICIUS G, 2005, IEEE T KNOWL DATA EN",2,1.0
"ABUL O, 2008, PROC INT CONF DATA",2,1.0
"AKIMOTO H, 2003, SCIENCE",2,1.0
"ALLCOTT H, 2019, Q J ECON",2,1.0
"BITLER M, 2011, J POLICY ANAL MANAG",2,1.0
"AKAGI Y, 2018, PROCEEDINGS OF THE TWENTY-SEVENTH INTERNATIONAL JOINT CONFERENCE ON ARTIFICIAL INTELLIGENCE",2,1.0
"AL M, 2011, J PUBLIC TRANSPORT",2,1.0
"ALDUNATE R, 2006, J COMPUT CIVIL ENG",1,0.5552486187845304
"AGARWAL S, 2020, SCI TOTAL ENVIRON",1,0.5552486187845304
"CAO H, 2020, IEEE T MOBILE COMPUT",1,0.5552486187845304
"ALTINTAS O, 2015, IEEE CONF COMPUT",1,0.5552486187845304
"AMT F, 2008, ERR GRUNDV [ANONYMOUS]",1,0.5552486187845304
"ALVAREDO F, 2018, WORLD INEQUALITY REP [ANONYMOUS]",1,0.5552486187845304
"ABCEDE A, 1994, NATL PETROL NEWS",1,0.5552486187845304
"CHEN L, 2000, J SHAANXI INST TECHN",1,0.5552486187845304
"ARANDJELOVIC R, 2018, IEEE T PATTERN ANAL",1,0.5552486187845304
"BERNDT D, 1994, P 3 INT C KNOWL DISC",1,0.5552486187845304
"ALDRED R, 2011, COMMUNITY DEV J",1,0.5552486187845304
"ADEBIYI A, 2014, UKSIM INT CONF COMP",1,0.5552486187845304
"ACCREDITING C, 2003, ACEJMC ACCR STAND BATURAY MH",1,0.5552486187845304
"ANDERSEN P, 1982, ANN STAT",1,0.5552486187845304
"AGYEMAN J, 2021, THE CONVERSATION [ANONYMOUS]",1,0.5552486187845304
"AGGARWAL C, 2008, ADV DATABASE SYST",1,0.4917127071823204
"AGOUDEMOS M, 2011, NEONATOLOGY",1,0.5552486187845304
"AGYEMIN-BOATENG Y, 2015, WINNING AFRICAS CONS AHMED S",1,0.5552486187845304
"ARNFIELD A, 2003, INT J CLIMATOL",1,0.5552486187845304
"AMAN P, 2015, J LOCAT BASED SERV",1,0.5552486187845304
"CARTLIDGE J, 2018, 2018 IEEE 3RD INTERNATIONAL CONFERENCE ON BIG DATA ANALYSIS (ICBDA)",1,0.5552486187845304
"[ANONYMOUS], 2022, FOOD DESERTS IN THE UNITED STATES BERKOWITZ SA",1,0.5552486187845304
"ABRAHAM M, 2003, ENVIRON PROG",1,0.5552486187845304
"ALBA D, 2019, J CLIN ENDOCR METAB",1,0.5552486187845304
"ABU-RAYASH A, 2021, SUSTAIN CITIES SOC",1,0.5552486187845304
"ABBASPOUR M, 2015, TRANSPORT RES D-TR E",1,0.5552486187845304
"ABRAHAMS C, 2010, AFR AFFAIRS",1,0.5552486187845304
"ABBASI M, 2021, IEEE T INTELL TRANSP",1,0.5552486187845304
"ADOLPHE L, 2001, ENVIRON PLANN B",1,0.5552486187845304
"AAZAM M, 2016, 2016 13TH IEEE ANNUAL CONSUMER COMMUNICATIONS & NETWORKING CONFERENCE (CCNC) AKABANE A T",1,0.5552486187845304
"ALEXANDERSON G, 2006, B AM MATH SOC",1,0.5552486187845304
"ALTALIB H, 2002, LEARNING",1,0.5552486187845304
"[ANONYMOUS], 2005, P 31 INT C VER LARG AREZOUMANDI MAHDI",1,0.5552486187845304
"AMCOFF J, 2017, GEOGR ANN B",1,0.5552486187845304
"[ANONYMOUS], 2016, P 24 ACM SIGSPATIAL BELHADI A",1,0.5552486187845304
"AGRICULTURE A, 2007, OV CAN AGR AGR FOOD ALEXANDER A",1,0.5552486187845304
"[ANONYMOUS], 2011, P ICWSM [ANONYMOUS]",1,0.5552486187845304
"BONILLA-SILVA E, 2013, RACISM WITHOUT RACISTS: COLOR-BLIND RACISM AND THE PERSISTENCE OF RACIAL INEQUALITY IN AMERICA COLEMAN JS",1,0.5552486187845304
"[ANONYMOUS], 2019, [NO TITLE CAPTURED] [ANONYMOUS]",1,0.5552486187845304
"AMOUROUX E, 2007, PACIFIC RIM INTERNATIONAL CONFERENCE ON MULTI-AGENTS",1,0.5552486187845304
"AGHATAHER R, 2016, J GEOSPATIAL INFORM",1,0.5552486187845304
"AHARONY N, 2011, PERVASIVE MOB COMPUT",1,0.5552486187845304
"ALKHATEEB A, 2016, IEEE T COMMUN",1,0.5552486187845304
"[ANONYMOUS], 2014, FOOD ACCESS RESEARCH ATLAS [ANONYMOUS]",1,0.5552486187845304
"ANDERSON T, 2015, BMC HEALTH SERV RES",1,0.5552486187845304
"ACHESON D, 1998, INDEPENDENT INQUIRY INTO INEQUALITIES IN HEALTH REPORT ALKON AH",1,0.5552486187845304
"AUDIGIER V, 2016, J STAT COMPUT SIM",1,0.5552486187845304
"ABADI M, 2016, CCS'16: PROCEEDINGS OF THE 2016 ACM SIGSAC CONFERENCE ON COMPUTER AND COMMUNICATIONS SECURITY",1,0.5552486187845304
"[ANONYMOUS], 2014, ACM SIGKDD INT C KNO",1,0.5552486187845304
"ABUSAADA H, 2021, SUSTAIN CITIES SOC",1,0.5552486187845304
"AAYOG N, 2022, SDG INDEX ADARSH S",1,0.5552486187845304
"ANDREJEVIC M, 2019, SURVEILL SOC",1,0.5552486187845304
"ACHAKULWISUT P, 2019, LANCET PLANET HEALTH",1,0.5552486187845304
"ABDEL-NABY S, 2007, P 2 INT C PERV COMP",1,0.5552486187845304
"ALÍAS F, 2017, APPL SCI-BASEL",1,0.5552486187845304
"ADLER N, 1993, JAMA-J AM MED ASSOC",1,0.5552486187845304
"ACHESON D, 1998, INDEPENDENT INQUIRY INTO INEQUALITIES IN HEALTH REPORT ANDERSON A S",1,0.5552486187845304
"AUCHINCLOSS A, 2009, ARCH INTERN MED",1,0.5552486187845304
"AL-MOLEGI A, 2018, PATTERN RECOGN LETT",1,0.5552486187845304
"AGARWAL R, 2008, TRANSPORT SCI",1,0.5552486187845304
"BA, 2015, ACS SYM SER BANDANAU D",1,0.5552486187845304
"ANDRILUKA M, 2018, PROC CVPR IEEE",1,0.5552486187845304
"CHEN D, 2020, 2020 12TH INTERNATIONAL CONFERENCE ON ADVANCED COMPUTATIONAL INTELLIGENCE (ICACI)",1,0.5552486187845304
"ALAJALI W, 2018, SYMMETRY-BASEL",1,0.5552486187845304
"ANDERSON A, 1998, BRIT J NUTR",1,0.5552486187845304
"ADAMKIEWICZ G, 2011, AM J PUBLIC HEALTH",1,0.5552486187845304
"AGAR M, 1996, THE PROFESSIONAL STRANGER: AN INFORMAL INTRODUCTION TO ETHNOGRAPHY",1,0.5552486187845304
"CHEN C, 2019, AAAI CONF ARTIF INTE",1,0.5552486187845304
"ANGUELOV D, 2010, COMPUTER",1,0.5552486187845304
"AKAN, 1984, P 3 INT C URB STOR D",1,0.5552486187845304
"ADELAJA S, 2009, EC IMPACTS COUNTY PO [ANONYMOUS]",1,0.5552486187845304
"ABENDSTERN M, 2018, HEALTH SOC CARE COMM",1,0.5552486187845304
"CUI Y, 2021, IEEE T VEH TECHNOL",1,0.5552486187845304
"AILON N, 2009, ADV NEURAL INFORM PR",1,0.5552486187845304
"AGYEMAN J, 2005, SUSTAINABLE COMMUNIT ALKON AH",1,0.5552486187845304
"BACKSTROM L, 2010, P 19 INT C WORLD WID",1,0.5552486187845304
"ADRIANO C, 2021, EBIOMEDICINE",1,0.5552486187845304
"ANDERSON R, 1991, SIGMOBILE MOB COMPUT",1,0.5552486187845304
"AGARWAL S, 2022, IEEE DATA MINING",1,0.5552486187845304
"BARSI J, 2014, REMOTE SENS-BASEL",1,0.5552486187845304
"ALI M, 2011, LANDSCAPE URBAN PLAN",1,0.5552486187845304
"ABEL K, 2019, CONSTRUCTION RES C 2 ACCESS DEVELOPMENT",1,0.5552486187845304
"ADAM M, 2005, CAR SHARING IT SUCCE ALFIAN G",1,0.5552486187845304
"ABRAHAM M, 2010, DWIGHT SUPERMARKET C ADGER WN",1,0.5552486187845304
"ALDRICH F, 2003, INSIDE SMART HOME [ANONYMOUS]",1,0.5552486187845304
"[ANONYMOUS], 2009, PROCEEDINGS OF THE 2009 INTERNATIONAL WORKSHOP ON LOCATION BASED SOCIAL NETWORKS [ANONYMOUS]",1,0.5552486187845304
"ALJUAID T, 2016, PROCEEDINGS OF THE 2016 INTERNATIONAL CONFERENCE ON DATA SCIENCE & ENGINEERING (ICDSE)",1,0.5552486187845304
"AL-JAWALDEH A, 2022, FRONT NUTR",1,0.5552486187845304
"ALBERDA C, 2017, NUTR CLIN PRACT",1,0.5552486187845304
"ABUBAKAR I, 2020, ENVIRON DEV SUSTAIN",1,0.5552486187845304
"ALLON F, 2004, SPACE CULT",1,0.5552486187845304
"ALTOMARE A, 2017, IEEE T PARALL DISTR",1,0.5552486187845304
"AICKIN M, 1996, AM J PUBLIC HEALTH",1,0.5552486187845304
"AL-ABBASI A, 2019, IEEE T INTELL TRANSP",1,0.5552486187845304
"ABD-ELGHANY S, 2015, EPIDEMIOL INFECT",1,0.5552486187845304
"ABEL F, 2011, LECT NOTES COMPUT SC",1,0.5552486187845304
"[ANONYMOUS], 1987, TRANSPORTATION RES B",1,0.5552486187845304
"AMBROGGI M, 2015, ONCOLOGIST",1,0.5552486187845304
"[ANONYMOUS], 2001, CARTOGRAPHY AND GEOGRAPHIC INFORMATION SCIENCE",1,0.5552486187845304
"ALKEMA L, 2016, LANCET",1,0.5552486187845304
"SINGH K, 2024, COMPLEX INTELL SYST",1,0.5552486187845304
"AKIN-PONNLE A, 2021, SMART CITIES-BASEL",1,0.5552486187845304
"CENTER F, 2011, CDCS STAT BAS NUTR P CENTERS FOR DISEASE AND CONTROL AND PREVENTION",1,0.5552486187845304
"[ANONYMOUS], 2012, 2014",1,0.5552486187845304
"AWAD N, 2018, SWARM EVOL COMPUT",1,0.5552486187845304
"ALLISON D, 1999, JAMA-J AM MED ASSOC",1,0.5552486187845304
"DAVIES N, 2012, COMPUTER",1,0.5552486187845304
"AL-SAYED K, 2013, P INT SPAC SYNT S SS ANANNY M",1,0.5552486187845304
"AL R, 2018, COMPUT NETW",1,0.5552486187845304
"[ANONYMOUS], 2016, ARXIV161009462 [ANONYMOUS]",1,0.5552486187845304
"ALBERT R, 1999, NATURE",1,0.5552486187845304
"ABDELHAMID S, 2017, VEHICULAR CLOUDS UBI",1,0.5552486187845304
"AGRAWAL R, 1995, PROC INT CONF DATA",1,0.5552486187845304
"AIMON H, 2021, INT J SUSTAIN DEV PLANN",1,0.5552486187845304
"ALVIOLA P, 2013, APPL ECON PERSPECT P",1,0.5552486187845304
"BLOCK D, 2006, PUBLIC HEALTH NUTR",1,0.5552486187845304
"ALESSANDRETTI L, 2020, NATURE",1,0.5552486187845304
"AGGARWAL S, 2014, FLASK FRAMEWORK COOKBOOK OLIVEIRA AAAD",1,0.5552486187845304
"AMIN M, 2021, FOOD POLICY",1,0.5552486187845304
"AL-SHAQSI S, 2010, OMAN MED J",1,0.5552486187845304
"BAO J, 2016, P 24 ACM INT C ADV G",1,0.5552486187845304
"ABDELHAQ F, 2013, PROC VLDB ENDOW",1,0.5552486187845304
"ALESIANI F, 2014, IEEE INTEL TRANSP SY",1,0.5552486187845304
"GÓMEZ J, 2018, ENVIRON SCI POLLUT R",1,0.5552486187845304
"ACHESON D, 1998, INDEPENDENT INQUIRY INTO INEQUALITIES IN HEALTH REPORT ALGERT SJ",1,0.5552486187845304
"ABDOOS M, 2021, EXPERT SYST APPL",1,0.5552486187845304
"ANDRIENKO G, 2010, P EUR IEEE CGTC S VI ANDRIENKO N",1,0.5552486187845304
"CAI L, 2021, IEEE T KNOWL DATA EN",1,0.5552486187845304
"AL-RAHAMNEH A, 2021, IEEE ACCESS",1,0.5552486187845304
"ABURAS M, 2016, INT J APPL EARTH OBS",1,0.5552486187845304
"[ANONYMOUS], 2013, NEW SCI CITIES ARNOTT R",1,0.5552486187845304
"[ANONYMOUS], 2014, NUTR DAT SYST RES 20 [ANONYMOUS]",1,0.5552486187845304
"ADEMA P, 2009, GARLIC CAPITAL OF THE WORLD: GILROY",1,0.5552486187845304
"ABBEEL P, 2004, P 21 ANN INT C MACH",1,0.5552486187845304
"ABDOLMAJIDI E, 2015, GEO-SPAT INF SCI",1,0.5552486187845304
"[ANONYMOUS], 2013, DOCUMENT RECOMMENDATION P1410-5 CHEN XF",1,0.5552486187845304
"AGARWAL P, 2015, ESANN",1,0.5552486187845304
"AGRYZKOV T, 2012, APPL MATH COMPUT",1,0.5552486187845304
"ABBAS M, 2020, J AMB INTEL HUM COMP",1,0.5552486187845304
"ACKERMAN E, 2013, SPECTRUM IEEE ACKERMAN E",1,0.5552486187845304
"BEJAN A, 2010, P 13 INT IEEE C INT CAPRA L",1,0.5552486187845304
"ALTMAN E, 1984, J BANK FINANC",1,0.5552486187845304
"[ANONYMOUS], 2004, SAMPL SIZ CALC [ANONYMOUS]",1,0.5552486187845304
"AGRAWAL R, 1993, SIGMOD RECORD",1,0.5552486187845304
"[ANONYMOUS], 2012, COMPUTATIONAL GEOMETRY: AN INTRODUCTION [ANONYMOUS]",1,0.5552486187845304
"ALBERDI A, 2018, IEEE J BIOMED HEALTH",1,0.5552486187845304
"ALAIN G, 2014, J MACH LEARN RES",1,0.5552486187845304
"ABRAHAMSSON H, 2012, P 2012 INT MEAS C IM",1,0.5552486187845304
"ACKOFF R, 1989, J APPL SYST ANAL",1,0.5552486187845304
"[ANONYMOUS], 2007, ACM SIGMOD INT C MAN ARMBRUST M",1,0.5552486187845304
"[ANONYMOUS], 1992, NAVIGATION-US",1,0.5552486187845304
"BATTY M, 1999, COMPUTERS",1,0.5552486187845304
"[ANONYMOUS], 2001, MACH LEARN ARAS H",1,0.5552486187845304
"[ANONYMOUS], 2019, J ACAD NUTR DIET",1,0.5552486187845304
"BAE B, 2018, TRANSPORT RES C-EMER",1,0.5552486187845304
"[ANONYMOUS], 2010, P 8 INT C MOB SYST A",1,0.5552486187845304
"AOKI Y, 1987, J JPN INST LANDSC ARCH",1,0.5552486187845304
"[ANONYMOUS], 2010, LEARNING BALAZEVIC I",1,0.5552486187845304
"[ANONYMOUS], 2001, SURG GEN CALL ACTION BEAUMONT J",1,0.5552486187845304
"ALI A, 2022, NEURAL NETWORKS",1,0.5552486187845304
"AGHIGHI H, 2014, ISPRS ANN PHOTOGRAMM",1,0.5552486187845304
"AISSIOUI A, 2018, IEEE T VEH TECHNOL",1,0.5552486187845304
"ANGEL A, 2011, P 2011 IEEE WIC ACM",1,0.5552486187845304
"[ANONYMOUS], 2004, MONITORING TRAFFIC E [ANONYMOUS]",1,0.5552486187845304
"ANDREWS M, 2013, APPL ECON PERSPECT P",1,0.5552486187845304
"[ANONYMOUS], 2011, POWER ELECTRONICS: POWER ELECTRONIC CONVERSION AND CONTROL TECHNOLOGY [ANONYMOUS]",1,0.5552486187845304
"AGAMENNONI G, 2011, IEEE T INTELL TRANSP",1,0.5552486187845304
"ACAR E, 2012, INT CONF DAT MIN WOR",1,0.5552486187845304
"[ANONYMOUS], 2014, P 17 ACM C COMPUTER",1,0.5552486187845304
"BABAHAJIANI P, 2017, MACH VISION APPL",1,0.5552486187845304
"ALKERWI A, 2015, BMJ OPEN",1,0.5552486187845304
"[ANONYMOUS], 2021, HEALTHY FOOD ENVIRONMENTS BEAULAC J",1,0.5552486187845304
"ABD A, 2013, IEEE COMMUN SURV TUT",1,0.5552486187845304
"ALEXIS M, 1967, J FARM ECON",1,0.5552486187845304
"ANDERSON A, 2007, PUBLIC HEALTH NUTR",1,0.5552486187845304
"[ANONYMOUS], 2003, QUANTITY AND QUALITY IN SOCIAL RESEARCH APPARICIO P",1,0.5552486187845304
"BARABINO B, 2018, PUBLIC TRANSPORT",1,0.5552486187845304
"AMERICAN P, 2020, LAND BAS CLASS STAND [ANONYMOUS]",1,0.5552486187845304
"[ANONYMOUS], 2002, SCAND J INF SYST BANNON LJ",1,0.5552486187845304
"AN S, 2016, INFORM SCIENCES",1,0.5552486187845304
"[ANONYMOUS], 2017, ANTHROPOMETRIC STAND APPARICIO P",1,0.5552486187845304
"BEAULAC J, 2009, PREV CHRONIC DIS",1,0.5552486187845304
"BABAEI M, 2022, IEEE T COMPUT SOC SY",1,0.5552486187845304
"A. A, 2016, POTHOLE DAMAGE COSTS DRIVERS $3 BILLION ANNUALLY NATIONWIDE",1,0.5552486187845304
"ALBOUQ S, 2020, IEEE ACCESS",1,0.5552486187845304
"AGRAWAL R, 1995, VLDB '95 PROCEEDINGS OF THE 21ST INTERNATIONAL CONFERENCE ON VERY LARGE DATA BASES",1,0.5552486187845304
"[ANONYMOUS], 2016, SAC 2016 31 ACM S AP [ANONYMOUS]",1,0.5552486187845304
"ALLISON P, 2001, MISSING DATA",1,0.5552486187845304
"AGARWAL S, 2009, IEEE I CONF COMP VIS",1,0.5552486187845304
"[ANONYMOUS], 2000, PHD THESIS BIN TARIQ MM",1,0.5552486187845304
"EAGLE N, 2006, PERS UBIQUIT COMPUT",1,0.5552486187845304
"[ANONYMOUS], 2015, OBSTET GYNECOL",1,0.5552486187845304
"BATRA A, 2022, 2022 5 INT WORKSHOP",1,0.5552486187845304
"[ANONYMOUS], 1996, APPROXIMATION ALGORITHMS FOR NP-HARD PROBLEMS ÇETINER S",1,0.5552486187845304
"AGRICULTURE U, 2017, FOOD ACC RES ATL CUMMINS S",1,0.5552486187845304
"AMIR L, 2012, EARLY HUM DEV",1,0.5552486187845304
"AKBAR M, 2020, IEEE ACCESS",1,0.5552486187845304
"[ANONYMOUS], 2018, 2018 REV WORLD URB P ISMAGILOVA E",1,0.5552486187845304
"ACHESON D, 1998, INDEPENDENT INQUIRY INTO INEQUALITIES IN HEALTH REPORT [ANONYMOUS]",1,0.5552486187845304
"ARKIN E, 1998, MATH OPER RES",1,0.5552486187845304
"ALATTAR L, 2018, SOC SEC BULL",1,0.5552486187845304
"AKARCA-BIYIKLI S, 2004, APPL PHYS LETT",1,0.5552486187845304
"[ANONYMOUS], 2013, SDM [ANONYMOUS]",1,0.5552486187845304
"AGRAWAL R, 1994, PROC VLDB 94",1,0.5552486187845304
"AAS J, 2019, PROCEEDINGS OF THE 2019 ACM SIGSAC CONFERENCE ON COMPUTER AND COMMUNICATIONS SECURITY (CCS'19)",1,0.5552486187845304
"ALLISON P, 2012, STATISTICAL HORIZONS ANDREYEVA T",1,0.5552486187845304
"AKTER T, 2018, MATER DESIGN",1,0.5552486187845304
"ALVES L, 2018, PHYSICA A",1,0.5552486187845304
"[ANONYMOUS], 2016, STAT COMM NAT EC SOC [ANONYMOUS]",1,0.5552486187845304
"AGRE P, 2001, HUM-COMPUT INTERACT",1,0.5552486187845304
"ABDELMABOUD A, 2021, SENSORS-BASEL",1,0.5552486187845304
"ANDERIES J, 2004, ECOL SOC",1,0.5552486187845304
"ASLAM N, 2021, GEO-SPAT INF SCI",1,0.5552486187845304
"[ANONYMOUS], 2014, PROC 2 INT C LEARN R ARIK SO",1,0.5552486187845304
"ALAM M, 2022, ACM COMPUT SURV",1,0.5552486187845304
"ALZUBAIDI H, 1997, INT J RETAIL DISTRIB",1,0.5552486187845304
"[ANONYMOUS], 2009, ACCESS TO AFFORDABLE AND NUTRITIOUS FOOD: MEASURING AND UNDERSTANDING FOOD DESERTS AND THEIR CONSEQUENCES APPARICIO P",1,0.5552486187845304
"ABOUT F, 2021, FRESH TRUCK BAKER ELIZABETH A",1,0.5552486187845304
"[ANONYMOUS], 2011, ACAD MARKET STUD J BATA SETH A",1,0.5552486187845304
"BRODSKY, 2020, P 27 SAINT PET INT C",1,0.5552486187845304
"AGHA M, 2016, BIRTH DEFECTS RES A",1,0.5552486187845304
"AFROOZ P, 2015, J ORAL MAXIL SURG",1,0.5552486187845304
"ALKAN R, 2005, RAST 2005: PROCEEDINGS OF THE 2ND INTERNATIONAL CONFERENCE ON RECENT ADVANCES IN SPACE TECHNOLOGIES",1,0.5552486187845304
"ALI F, 2021, FUTURE GENER COMP SY",1,0.5552486187845304
"[ANONYMOUS], 2011, CHARACTERISTICS OF SUPPLEMENTAL NUTRITION ASSISTANCE PROGRAM HOUSEHOLDS: FISCAL YEAR 2010 REPORT NO SNAP-11-CHAR",1,0.5552486187845304
"[ANONYMOUS], 2016, P 24 ACM SIGSPATIAL FENG J",1,0.5552486187845304
"ABOOLIAN R, 2007, EUR J OPER RES",1,0.5552486187845304
"AHMAD N, 2011, INTERNAL REPORT [ANONYMOUS]",1,0.5552486187845304
"ALBUQUERQUE R, 2014, NUTR REV",1,0.5552486187845304
"[ANONYMOUS], 2009, ACCESS TO AFFORDABLE AND NUTRITIOUS FOOD: MEASURING AND UNDERSTANDING FOOD DESERTS AND THEIR CONSEQUENCES [ANONYMOUS]",1,0.5552486187845304
"GARCÍA-PALOMARES J, 2012, APPL GEOGR",1,0.5552486187845304
"ALEXANDER C, 1977, A PATTERN LANGUAGE: TOWNS",1,0.5552486187845304
"BACH F, 2015, SIAM J OPTIMIZ",1,0.5552486187845304
"ALVAREZ-GARCIA J, 2010, EXPERT SYST APPL",1,0.5552486187845304
"ABDULLAH N, 2019, ADV INTELL SYST",1,0.5552486187845304
"BENNIS S, 2007, J HYDROL ENG",1,0.5552486187845304
"DAI M, 2013, T EMERG TELECOMMUN T",1,0.5552486187845304
"BERNDT D, 1994, PROCEEDINGS OF KDD-94: AAAI WORKSHOP ON KNOWLEDGE DISCOVERY IN DATABASES",1,0.5552486187845304
"ABADI D, 2005, P CIDR [ANONYMOUS]",1,0.5552486187845304
"ALMAGUER S, 2014, HEALTHIER CORNER STO [ANONYMOUS]",1,0.5552486187845304
"ARYAPUTERA A, 2015, SOL ENERGY",1,0.5552486187845304
"ABDELHAMID S, 2018, IEEE T INTELL TRANSP",1,0.5552486187845304
"AFIFI A, 1966, J AM STAT ASSOC",1,0.5552486187845304
"[ANONYMOUS], 2015, ARXIV 1502 03167 AWE O",1,0.5552486187845304
"ALVIOLA P, 2013, AM J AGR ECON",1,0.5552486187845304
"AL-DOHUKI S, 2017, IEEE T VIS COMPUT GR",1,0.5552486187845304
"DUBOWITZ T, 2015, HEALTH AFFAIR",1,0.5552486187845304
"BODOR J, 2010, PREV MED",1,0.5552486187845304
"ABI R, 2010, WORLD MOBILE APPLICA ABOWD GD",1,0.5552486187845304
"ACAR E, 2011, CHEMOMETR INTELL LAB",1,0.5552486187845304
"[ANONYMOUS], 2000, INFORMATION FROM ALLAN MELTZER [ANONYMOUS]",1,0.5552486187845304
"AHMED M, 1979, 722 TRANSP RES BOARD [ANONYMOUS]",1,0.5552486187845304
"AADIL F, 2018, J SUPERCOMPUT",1,0.5552486187845304
"AGER S, 2013, NATIONAL GEOGRAPHIC ALKON AH",1,0.5552486187845304
"ALSGER A, 2018, TRANSPORT RES C-EMER",1,0.5552486187845304
"AMER D, 2020, DIABETES CARE",1,0.5552486187845304
"AHMED M, 2016, J NETW COMPUT APPL",1,0.5552486187845304
"BLUM A, 1998, PROCEEDINGS OF THE ELEVENTH ANNUAL CONFERENCE ON COMPUTATIONAL LEARNING THEORY",1,0.5552486187845304
"BARON C, 2015, US PATENT",1,0.5552486187845304
"AKBAR A, 2019, T EMERG TELECOMMUN T",1,0.5552486187845304
"[ANONYMOUS], 1997, SOME APPL LAPLACE EI [ANONYMOUS]",1,0.5552486187845304
"BEN O, 2015, WIRELESS PERS COMMUN",1,0.5552486187845304
"[ANONYMOUS], 1992, P ACM C COMP SUPP CO *BLUET",1,0.5552486187845304
"ALBER J, 2018, AM J PREV MED",1,0.5552486187845304
"AKINAGA Y, 2005, GLOB TELECOMM CONF",1,0.5552486187845304
"BANERJEE S, 2021, HEALTH PROMOT PRACT",1,0.5552486187845304
"BIOUCAS-DIAS J, 2009, 2009 FIRST WORKSHOP ON HYPERSPECTRAL IMAGE AND SIGNAL PROCESSING: EVOLUTION IN REMOTE SENSING",1,0.5552486187845304
"[ANONYMOUS], 2013, P WORKSHOP ICLR 2013 CHEN C",1,0.5552486187845304
"CADENAS E, 2016, ENERGIES",1,0.5552486187845304
"AKRICH M, 2002, INTERNATIONAL JOURNAL OF INNOVATION MANAGEMENT",1,0.5552486187845304
"[ANONYMOUS], 2009, MICROSOFT RESEARCH BATTY M",1,0.5552486187845304
"AL-DELAIMY W, 2005, EUR J CLIN NUTR",1,0.5552486187845304
"ALBINALI F, 2012, PERVASIVE MOB COMPUT",1,0.5552486187845304
"[ANONYMOUS], 2009, PNAS [ANONYMOUS]",1,0.5552486187845304
"AELENEI L, 2016, ENRGY PROCED",1,0.5552486187845304
"[ANONYMOUS], 2010, NATURE",1,0.5552486187845304
"AGID O, 2000, BIOMED PHARMACOTHER",1,0.5552486187845304
"AZHAGUSUNDARI B, 2013, INT J INNOV TECHNOL EXPLOR ENG (IJITEE)",1,0.5552486187845304
"[ANONYMOUS], 2023, KEY STATISTICS AND GRAPHICS [ANONYMOUS]",1,0.5552486187845304
"AILES E, 2012, CLIN INFECT DIS",1,0.5552486187845304
"ANDERSON M, 2016, PEW RESEARCH CENTER [ANONYMOUS]",1,0.5552486187845304
"[ANONYMOUS], 2017, WICKHAM HTIDYVERSE E [ANONYMOUS]",1,0.5552486187845304
"ADEYEMI R, 2021, SPAT STAT-NETH",1,0.5552486187845304
"[ANONYMOUS], 2006, FHI 360FANTA [ANONYMOUS]",1,0.5552486187845304
"ALI T, 2018, P 2 INT C TRENDS EL",1,0.5552486187845304
"ANDERSON S, 1990, J NUTR",1,0.5552486187845304
"ACHESON D, 1998, INDEPENDENT INQUIRY INTO INEQUALITIES IN HEALTH REPORT ALLEN P",1,0.5552486187845304
"ABADY L, 2022, APSIPA TRANS SIGNAL",1,0.5552486187845304
"KOLB K, 2021, RETAIL INEQUALITY: REFRAMING THE FOOD DESERT DEBATE",1,0.5552486187845304
"ANNIE E, 2011, CHILDREN POVERTY DAT [ANONYMOUS]",1,0.5552486187845304
"AGGARWAL A, 2012, PLOS ONE",1,0.5552486187845304
"ARBEIT D, 1988, 1988 ANN C URB REG I",1,0.5552486187845304
"ACKERMAN W, 2004, CITIES",1,0.5552486187845304
"ABEDI M, 2020, IEEE WCNC",1,0.5552486187845304
"ABDURAHMAN A, 2019, NUTR DIET",1,0.5552486187845304
"CAO F, 2019, GEOMATICS WORLD",1,0.5552486187845304
"ALBALA C, 2002, PUBLIC HEALTH NUTR",1,0.5552486187845304
"AGNES S, 2020, J MED SYST",1,0.5552486187845304
"ACHEAMPONG R, 2017, GEOJOURNAL",1,0.5552486187845304
"[ANONYMOUS], 2018, IEEE T KNOWL DATA EN [ANONYMOUS]",1,0.5552486187845304
"[ANONYMOUS], 2013, POVERTY GUIDELINES BAILEY RL",1,0.5552486187845304
"ABBASIMEHR H, 2022, J AMB INTEL HUM COMP",1,0.5552486187845304
"AHMOUDA A, 2019, URBAN SCI",1,0.5552486187845304
"AHN C, 2002, IEEE T EVOLUT COMPUT",1,0.5552486187845304
"COHEN D, 2013, PUBLIC HEALTH",1,0.5552486187845304
"ABDALLA R, 2016, SPRINGERPLUS",1,0.5552486187845304
"ABECKER A, 2012, ENVIROINFO 2012 ANGUS A",1,0.5552486187845304
"[ANONYMOUS], 2011, CIKM BASSOLI A",1,0.5552486187845304
"[ANONYMOUS], 2019, FOOD DESERT DEFINITI BEAUMONT J",1,0.5552486187845304
"ALVARES L, 2007, P 15 ANN ACM INT S A",1,0.5552486187845304
"[ANONYMOUS], 2022, ACM TRANSACTIONS ON KNOWLEDGE DISCOVERY FROM DATA",1,0.5552486187845304
"AMADEO M, 2020, SENSORS-BASEL",1,0.5552486187845304
"ALSHEHHI R, 2023, EUR J REMOTE SENS",1,0.5552486187845304
"ANG L, 2016, BIG DATA RES",1,0.5552486187845304
"BARRATT J, 1997, J HUM NUTR DIET",1,0.5552486187845304
"ABABNEH N, 2010, 2010 IEEE INTERNATIONAL CONFERENCE ON WIRELESS COMMUNICATIONS",1,0.5552486187845304
"ALI-TOUDERT F, 2007, THEOR APPL CLIMATOL",1,0.5552486187845304
"AOUIZERATS B, 2015, ATMOS CHEM PHYS",1,0.5552486187845304
"[ANONYMOUS], 2021, CAPITAL BIKESHARE SY [ANONYMOUS]",1,0.5552486187845304
"GHANEM S, 2023, COMPLEX INTELL SYST",1,0.5552486187845304
"AGARWAL S, 2022, PUBLIC HEALTH NUTR",1,0.5552486187845304
"ACARER S, 2020, ENERGY",1,0.5552486187845304
"ALLISON P, 2010, CAN YOU SAFELY IGNOR [ANONYMOUS]",1,0.5552486187845304
"ABDEL-BASSET M, 2018, J INTELL FUZZY SYST",1,0.5552486187845304
"ANGELOPOULOU M, 2019, J PUBLIC HEALTH DENT",1,0.5552486187845304
"[ANONYMOUS], 2015, P 2015 C EMP METH NA",1,0.5552486187845304
"3GPP, 2020, TECHNICAL REPORT (TR) 38901",1,0.5552486187845304
"BOSE N, 2006, EURASIP J APPL SIG P",1,0.5552486187845304
"AIKAWA M, 2006, ATMOS ENVIRON",1,0.5552486187845304
"AVERKIOU M, 2014, COMPUTER GRAPHICS FORUM",1,0.5552486187845304
"DUO L, 2020, COMPUTER VISION - ECCV 2020 16TH EUROPEAN CONFERENCE PROCEEDINGS LECTURE NOTES IN COMPUTER SCIENCE (LNCS 12366)",1,0.5552486187845304
"BAO J, 2017, KDD'17: PROCEEDINGS OF THE 23RD ACM SIGKDD INTERNATIONAL CONFERENCE ON KNOWLEDGE DISCOVERY AND DATA MINING",1,0.5552486187845304
"ACITO N, 2011, IEEE T GEOSCI REMOTE",1,0.5552486187845304
"AHAS R, 2010, TRANSPORT RES C-EMER",1,0.5552486187845304
"ABBEEL P, 2004, P 21 INT C MACH LEAR",1,0.5552486187845304
"AN B, 2016, KDD'16: PROCEEDINGS OF THE 22ND ACM SIGKDD INTERNATIONAL CONFERENCE ON KNOWLEDGE DISCOVERY AND DATA MINING",1,0.5552486187845304
"BAI L, 2020, ADV NEUR IN",1,0.5552486187845304
"ACAR E, 2010, TECHNICAL REPORT",1,0.5552486187845304
"ASHQAR H, 2017, 2017 5TH IEEE INTERNATIONAL CONFERENCE ON MODELS AND TECHNOLOGIES FOR INTELLIGENT TRANSPORTATION SYSTEMS (MT-ITS)",1,0.5552486187845304
"CHEN R, 2018, P ADV NEUR INF PROC",1,0.5552486187845304
"AHAS R, 2009, P NORD GEOGR M NGM09 BEN-AKIVA ME",1,0.5552486187845304
"ABLIKIM M, 2023, J HIGH ENERGY PHYS",1,0.5552486187845304
"[ANONYMOUS], 2012, INT J GEND SCI TECHN [ANONYMOUS]",1,0.5552486187845304
"[ANONYMOUS], 2018, P 27 INT JOINT C ART BRUNA J",1,0.5552486187845304
"BEN-DAVID S, 2010, MACH LEARN",1,0.5552486187845304
"IWAMA N, 2017, URBAN STUD",1,0.5552486187845304
"[ANONYMOUS], 2010, 1001 NSB [ANONYMOUS]",1,0.5552486187845304
"[ANONYMOUS], 2013, IJCAI CAO Q",1,0.5552486187845304
"CHANDIO A, 2016, FRONT INFORM TECH EL",1,0.5552486187845304
"ABDUL A, 2018, PROCEEDINGS OF THE 2018 CHI CONFERENCE ON HUMAN FACTORS IN COMPUTING SYSTEMS (CHI 2018)",1,0.5552486187845304
"ALKIRE S, 2002, VALUING FREEDOMS ALVIOLA PA",1,0.4917127071823204
"CHEN Y, 2021, IEEE T EM TOP COMP I",1,0.4917127071823204
"[ANONYMOUS], 2010, DIET GUID AM 2010 ANZMAN-FRASCA S",1,0.4917127071823204
"AGARAP A, 2018, DEEP LEARNING USING ALBUQUERQUE V",1,0.5552486187845304
"ADAMOVIC E, 2022, J AM COLL HEALTH",1,0.5552486187845304
"AGOSTINELLI F, 2021, P 31 INT C AUT PLANN",1,0.5552486187845304
"AMINI A, 2016, J NETW COMPUT APPL",1,0.5552486187845304
"AKSOEZEN M, 2015, ENERG BUILDINGS",1,0.5552486187845304
"ACERO B, 2022, J SUPPLY CHAIN MANAG",1,0.5552486187845304
"ACKOFF R, 1958, MANAGE SCI",1,0.5552486187845304
"[ANONYMOUS], 2024, USCS DATA VISUALIZATIONS [ANONYMOUS]",1,0.5552486187845304
"ANDERSON M, 2014, AM ECON REV",1,0.5552486187845304
"ALI I, 2019, J SYST ARCHIT",1,0.5552486187845304
"AGRESTI A, 2003, CATEGORICAL DATA ANALVSIS",1,0.5552486187845304
"AKBARI S, 2025, PREPRINT",1,0.5552486187845304
"ALBRIGHT R, 2020, 2025 FOOD ACTION PLA ARAGON NU",1,0.5552486187845304
"ALEXANDER K, 2014, SF GATE BLOG    0414 [ANONYMOUS]",1,0.5552486187845304
"CHANG M, 2018, NORTH AMERICAN CHAPTER OF THE ASSOCIATION FOR COMPUTATIONAL LINGUISTICS CHOPRA S",1,0.5552486187845304
"AGBAI C, 2021, SOC SCI RES",1,0.4917127071823204
"ALLEN R, 1998, PAPER NO 56 [ANONYMOUS]",1,0.4917127071823204
"[ANONYMOUS], 2011, CENSUS TRACT LEVEL STATE MAPS OF THE MODIFIED RETAIL FOOD ENVIRONMENT INDEX (MRFEI) [ANONYMOUS]",1,0.4917127071823204
"ABRASH B, 1999, WIDE ANGLE",1,0.4917127071823204
"[ANONYMOUS], 1996, KDD [ANONYMOUS]",1,0.4917127071823204
"ABRAHAMS A, 2018, REMOTE SENS ENVIRON",1,0.4917127071823204
"[ANONYMOUS], 2018, OBSTET GYNECOL",1,0.4917127071823204
"ANDERSON E, 2004, ANN AM ACAD POLIT SS",1,0.4917127071823204
"ABE N, 2006, P 12 ACM SIGKDD INT",1,0.4917127071823204
"CHO K, 2014, ARXIV",1,0.4917127071823204
"ABRAHAMSE W, 2005, J ENVIRON PSYCHOL",1,0.4917127071823204
"CHOW T, 1988, APPL HYDROLOGY GUO JCY",1,0.4917127071823204
"AGAMBEN G, 1998, REV OCCIDENTE",1,0.4917127071823204
"ABOLFAZLI S, 2014, IEEE COMMUN SURV TUT",1,0.4917127071823204
"AHMADIAN E, 2021, ENERG BUILDINGS",1,0.4917127071823204
"ACHLEITNER S, 2007, ENVIRON MODELL SOFTW",1,0.4917127071823204
"[ANONYMOUS], 2015, AMERICAN COMMUNITY SURVEY 5 YEAR ESTIMATES [ANONYMOUS]",1,0.4917127071823204
"AGUILAR A, 2002, EURE",1,0.4917127071823204
"ABRAMS M, 2000, INT J REMOTE SENS",1,0.4917127071823204
"ALVAREZ-LOZANO J, 2015, INT J AD HOC UBIQ CO",1,0.4917127071823204
"ADAMS T, 2019, J HYDROL",1,0.4917127071823204
"ANGSUPANICH K, 1998, FOOD CHEM",1,0.4917127071823204
"[ANONYMOUS], 2004, MONITORING TRAFFIC E ARGYRIOU ANDREAS",1,0.4917127071823204
"ACHESON D, 1998, INDEPENDENT ENQUIRY INTO INEQUALITIES IN HEALTH CUMMINS S",1,0.4917127071823204
"ALLCOTT H, 2020, J PUBLIC ECON",1,0.4917127071823204
"[ANONYMOUS], 2019, WORLD URBANIZATION PROSPECTS: THE 2018 REVISION",1,0.4917127071823204
"AMIN A, 2002, ENVIRON PLANN A",1,0.4917127071823204
"[ANONYMOUS], 2010, P 16 ACM SIGKDD INT",1,0.4917127071823204
"ADAMS M, 2007, THE SENSES AND SOCIETY",1,0.4917127071823204
"AHAS R, 2007, CARTOGRAPHY AND GEOGRAPHIC INFORMATION SCIENCE",1,0.4917127071823204
"ALJUNDI R, 2017, PROC CVPR IEEE",1,0.4917127071823204
"ANDERSON C, 1987, J PERS SOC PSYCHOL",1,0.4917127071823204
"ABEL K, 2022, SUSTAIN CITIES SOC",1,0.4917127071823204
"AMERI C, 2003, DIABETES CARE",1,0.4917127071823204
"ADAMS J, 1975, CHEM PHYS LETT",1,0.4917127071823204
"ALIM T, 2006, J NATL MED ASSOC",1,0.4917127071823204
"ALFREY L, 2012, THESIS GEORGETOWN U [ANONYMOUS]",1,0.4917127071823204
"AMORETTI M, 2017, PERVASIVE MOB COMPUT",1,0.4917127071823204
"AFSHAR M, 2014, KOREAN J CHEM ENG",1,0.4917127071823204
"AGRAWAL A, 2008, ENVIRON BEHAV",1,0.4917127071823204
"BALLAGAS R, 2008, LECT NOTES COMPUT SC",1,0.4917127071823204
"ALA'RAJ M, 2021, INFECT DIS MODEL",1,0.4917127071823204
"AKBARI H, 1999, ENERGY",1,0.4917127071823204
"ANGUELOVSKI I, 2015, INT J URBAN REGIONAL",1,0.4917127071823204
"ALLWINE K, 2006, TECH REP PNNL-15967 BRIGGS GA",1,0.4917127071823204
"[ANONYMOUS], 2012, FOOD DESERT LOCATOR APPALACHIAN REGIONAL COMMISSION",1,0.4917127071823204
"[ANONYMOUS], 2013, THE ECONOMIC IMPACTS OF SUPERMARKETS ON THEIR SURROUNDING COMMUNITIES AUCHINCLOSS AH",1,0.4917127071823204
"[ANONYMOUS], 2011, NATIONAL INCOME AND EXPENDITURE ACCOUNTS: DATA TABLES",1,0.4917127071823204
"ALLEN P, 1999, AGRICULTURE AND HUMAN VALUES",1,0.4917127071823204
"ADAM A, 2016, BMC PUBLIC HEALTH",1,0.4917127071823204
"AHN, 2019, ABOUT US [ANONYMOUS]",1,0.4917127071823204
"[ANONYMOUS], 2016, SOFTWARE ATREY PK",1,0.4917127071823204
"[ANONYMOUS], 2014, J SYST INTEGR",1,0.4917127071823204
"[ANONYMOUS], 2022, AMERICAN COMMUNITY SURVEY 5-YEAR ESTIMATES (2016-2020) AUCHINCLOSS AH",1,0.4917127071823204
"ALANA R, 2017, LOW INCOME AREAS LOW ALBRECHT L",1,0.4917127071823204
"ALBERTI M, 2017, FRONTIERS IN BUILT ENVIRONMENT",1,0.4917127071823204
"ABERER K, 2001, COOPERATIVE INFORMATION SYSTEMS 9TH INTERNATIONAL CONFERENCE COOPIS 2001 PROCEEDINGS (LECTURE NOTES IN COMPUTER SCIENCE VOL2172)",1,0.4917127071823204
"[ANONYMOUS], 2009, PREV CHRONIC DIS BIRO FM",1,0.4917127071823204
"ABDOLLAHI B, 2017, PROCEEDINGS OF THE ELEVENTH ACM CONFERENCE ON RECOMMENDER SYSTEMS (RECSYS'17)",1,0.4917127071823204
"BECK M, 2024, ARXIV",1,0.4917127071823204
"AHMAD K, 2018, ACM T MULTIM COMPUT",1,0.4917127071823204
"AHRENS M, 1997, J MARINE SYST",1,0.4917127071823204
"[ANONYMOUS], 2017, MOBIKE AWARDED UNS T BAO J",1,0.4917127071823204
"[ANONYMOUS], 2012, HOUSEHOLD FOOD INSEC [ANONYMOUS]",1,0.4917127071823204
"ABU-EL-HAIJA S, 2019, ICML",1,0.4917127071823204
"AGRICULTURAL D, 2000, CHIN POPUL TODAY",1,0.4917127071823204
"AHMAD S, 2017, NEUROCOMPUTING",1,0.4917127071823204
"AGUGIARO G, 2011, INT ARCH PHOTOGRAMM",1,0.4917127071823204
"ALBANNA B, 2015, LECT NOTES GEOINF CA",1,0.4917127071823204
"AUN J, 2020, THESIS U TEXAS EL PA BARCUS H",1,0.4917127071823204
"AFSHIN A, 2019, LANCET",1,0.4917127071823204
"ADAMS E, 2020, KING COUNTY POLITICS ALLCOTT H",1,0.4917127071823204
"ALKON A, 2011, FOOD HEALTH ENVIRON",1,0.4917127071823204
"[ANONYMOUS], 2012, HOUSEHOLD FOOD SECUR [ANONYMOUS]",1,0.4917127071823204
"ARSOMNGERN P, 2021, IEEE T PATTERN ANAL",1,0.4917127071823204
"AMCOFF J, 2012, SOCIALVETENSKAPLIG TIDSKRIFT",1,0.4917127071823204
"DIJKSTRA E, 1959, NUMER MATH",1,0.4917127071823204
"[ANONYMOUS], 2024, SCRIBIE AYALA GX",1,0.4917127071823204
"BAKHTIN M, 1981, DIALOGIC IMAGINATION",1,0.4917127071823204
"[ANONYMOUS], 2019, AAAI CONF ARTIF INTE BENGIO Y",1,0.4917127071823204
"[ANONYMOUS], 2004, P INT C URB WIND ENG BARTZIS JG",1,0.4917127071823204
"[ANONYMOUS], 2022, DEFINITIONS OF FOOD SECURITY [ANONYMOUS]",1,0.4917127071823204
"ALMEIDA L, 2021, J AM COLL NUTR",1,0.4917127071823204
"ALBERTI M, 2003, BIOSCIENCE",1,0.4917127071823204
"AIELLO A, 2010, AIDS BEHAV",1,0.4917127071823204
"ACEVEDO-GARCIA D, 2003, AM J PUBLIC HEALTH",1,0.4917127071823204
"ADAY L, 1974, HEALTH SERV RES",1,0.4917127071823204
"[ANONYMOUS], 2009, ACT PLAN URB MOB COM [ANONYMOUS]",1,0.4917127071823204
"ABOWD G, 2000, ACM TRANSACTIONS ON COMPUTER-HUMAN INTERACTION",1,0.4917127071823204
"[ANONYMOUS], 2011, BEH RISK FACT SURV S [ANONYMOUS]",1,0.4917127071823204
"ALI Z, 2013, EUR J BUS SOC SCI",1,0.4917127071823204
"CHENG L, 2019, IEEE T COMPUT SOC SY",1,0.4917127071823204
"AHMED K, 2016, INT J COMPUT APPL",1,0.4917127071823204
"ALLEN L, 2009, AM J CLIN NUTR",1,0.4917127071823204
"[ANONYMOUS], 1992, AGENDA 21: PROGRAMME OF ACTION FOR SUSTAINABLE DEVELOPMENT [ANONYMOUS]",1,0.4917127071823204
"AJROUCH K, 2007, ETHNIC RACIAL STUD",1,0.4917127071823204
"ALAM M, 2022, IEEE T WIREL COMMUN",1,0.4917127071823204
"[ANONYMOUS], 2013, AMERICAN FACT FINDER [ANONYMOUS]",1,0.4917127071823204
"ALBERS S, 2001, THE GEORGE WRIGHT FORUM",1,0.4917127071823204
"ALEXANDROV V, 1997, ENVIRON MODEL ASSESS",1,0.4917127071823204
"ARSHAD B, 2019, SENSORS-BASEL",1,0.4917127071823204
"ADEKOYA N, 2005, MORBIDITY AND MORTALITY WEEKLY REPORT",1,0.4917127071823204
"[ANONYMOUS], 1993, ACOUSTICSATTENUATION OF SOUND DURING PROPAGATION OUTDOORSPART 1: CALCULATION OF THE ABSORPTION OF SOUND BY ABSORPTION BY THE ATMOSPHERE [ANONYMOUS]",1,0.4917127071823204
"AL-CHALABI M, 2015, SUSTAIN CITIES SOC",1,0.4917127071823204
"AGHABABAEI M, 2021, STRUCT INFRASTRUCT E",1,0.4917127071823204
"[ANONYMOUS], 2015, CLOSING THE LOOP: AN EU ACTION PLAN FOR THE CIRCULAR ECONOMY",1,0.4917127071823204
"[ANONYMOUS], 2015, CHITALY",1,0.4917127071823204
"ALLEN R, 1998, FAO IRRIGATION AND DRAINAGE PAPER AMRHEIN CG",1,0.4917127071823204
"AGRAWAL S, 2015, PROCEDIA COMPUT SCI",1,0.4917127071823204
"ANDERSON M, 2011, AM ECON J-APPL ECON",1,0.4917127071823204
"ANDREYEVA T, 2012, J ACAD NUTR DIET",1,0.4917127071823204
"ABRAHAMSSON S, 2023, SWALLOW THIS: CHILDHOOD AND ADOLESCENT EXPOSURE TO FAST FOOD RESTAURANTS",1,0.4917127071823204
"ALBERT A, 2017, KDD'17: PROCEEDINGS OF THE 23RD ACM SIGKDD INTERNATIONAL CONFERENCE ON KNOWLEDGE DISCOVERY AND DATA MINING",1,0.4917127071823204
"[ANONYMOUS], 2010, CENSO DEMOGRAFICO 20 [ANONYMOUS]",1,0.4917127071823204
"BARBORAK M, 1993, COMPUT SURV",1,0.4917127071823204
"[ANONYMOUS], 2020, UN NEWS",1,0.4917127071823204
"[ANONYMOUS], 2017, RES B",1,0.4917127071823204
"AHARONOV Y, 1993, PHYS REV A",1,0.4917127071823204
"ALHAZZANI M, 2017, ARXIV170108696V1 [ANONYMOUS]",1,0.4917127071823204
"[ANONYMOUS], 2016, P 24 ACM SIGSPATIAL [ANONYMOUS]",1,0.4917127071823204
"AGARDH E, 2011, INT J EPIDEMIOL",1,0.4917127071823204
"ARAB L, 2011, AM J EPIDEMIOL",1,0.4917127071823204
"ABDELWAHAB H, 2001, TRANSPORT RES REC",1,0.4917127071823204
"*CIT E, 1993, PUBL ESP CIT PLANN O",1,0.4917127071823204
"ALLARD S, 2009, OUT REACH PLACE POVE ANDERSON DANIELLE M",1,0.4917127071823204
"[ANONYMOUS], 2014, INT J OF CHILD HEALTH AND HUMAN DEV [ANONYMOUS]",1,0.4917127071823204
"ANDRADES G, 2020, SUPERMARKETS",1,0.4917127071823204
"AARD (, 2008, ALT AGR MARK ALB REP AHS (ALBERTA HEALTH SERVICES)",1,0.4917127071823204
"ALIMIRZAZADEH S, 2018, COMPUT FLUIDS",1,0.4917127071823204
"AGRICULTURE U, 2022, FOOD ACCESS RESEARCH ATLAS DOCUMENTATION BAILEY KS",1,0.4917127071823204
"ANDERSON T, 2019, INSIGHTS ON CANADIAN SOCIETY [ANONYMOUS]",1,0.4917127071823204
"AGYEMAN J, 2014, GEOGR COMPASS",1,0.4917127071823204
"ADACHI F, 1986, IEE PROC-F",1,0.4917127071823204
"ASADZADEH S, 2016, INT J APPL EARTH OBS",1,0.4917127071823204
"[ANONYMOUS], 2017, AIR POLLUTION AND WEATHER INTERACTION IN EAST ASIA ARYSTANBEKOVA NK",1,0.4917127071823204
"ACQUAH B, 2014, URBAN FORUM",1,0.4917127071823204
"ALVIOLA P, 2014, ECON HUM BIOL",1,0.4917127071823204
"ABADIE A, 2016, WORKING PAPER ALLCOTT HUNT",1,0.4917127071823204
"ADAMS E, 2020, OBESITY",1,0.4917127071823204
"AGOSTON G, 2013, COLOR THEORY AND ITS APPLICATION IN ART AND DESIGN",1,0.4917127071823204
"[ANONYMOUS], 2010, RETHINKING POWER MAP [ANONYMOUS]",1,0.4917127071823204
"ANDERSON A, 2017, AEROSP MED HUM PERF",1,0.4917127071823204
"[ANONYMOUS], 2013, ECONOMIC INFORMATION BULLETIN EIB-113 [ANONYMOUS]",1,0.4917127071823204
"AILAWADI K, 2010, J MARKETING RES",1,0.4917127071823204
"BREIMAN L, 2001, MACH LEARN",1,0.4917127071823204
"AUCHINCLOSS A, 2013, OBESITY",1,0.4917127071823204
"AGARWAL D, 2010, P 3 ACM INT C WEB SE",1,0.4917127071823204
"BASU S, 2019, IEEE T SIGNAL PROCES",1,0.4917127071823204
"ALLAM Z, 2019, CITIES",1,0.4917127071823204
"AL-FUQAHA A, 2015, IEEE COMMUN SURV TUT",1,0.4917127071823204
"ADOLPH A, 2009, FOOD AND FEMININITY IN THE 20TH-CENTURY BRITISH WOMEN'S FICTION [ANONYMOUS]",1,0.4917127071823204
"ARABNEJAD H, 2014, IEEE T PARALL DISTR",1,0.4917127071823204
"[ANONYMOUS], 2009, A FULLY HOMOMORPHIC ENCRYPTION SCHEME ARORA S",1,0.4917127071823204
"BERNER C, 2019, ARXIV GAO Q",1,0.4917127071823204
"ABURAS M, 2018, ENVIRON MONIT ASSESS",1,0.4917127071823204
"ABEL K, 2021, IN PRESS ABEL KC",1,0.4917127071823204
"ABD E, 2021, AIN SHAMS ENG J",1,0.4917127071823204
"AGARWAL M, 2012, PROC VLDB ENDOW",1,0.4917127071823204
"BUTE M, 2022, AD HOC NETW",1,0.4917127071823204
"ADLAKHA D, 2018, INT J ENV RES PUB HE",1,0.4917127071823204
"AGUILERA U, 2017, FUTURE GENER COMP SY",1,0.4917127071823204
"ARNETT J, 2000, AM PSYCHOL",1,0.4917127071823204
"ABRAHAM J, 2002, 81 ANN M TRANSP RES",1,0.4917127071823204
"[ANONYMOUS], 2012, FREQUENTLY ASKED QUESTIONS [ANONYMOUS]",1,0.4917127071823204
"ACOCK A, 2008, GENTLE INTRO STATA",1,0.4917127071823204
"ANDERSON L, 2002, MMWR RECOMM REP",1,0.4917127071823204
"AKERLOF G, 2002, AM ECON REV",1,0.4917127071823204
"ALI A, 2022, J TRAUMA ACUTE CARE",1,0.4917127071823204
"ANDRETTI B, 2023, BMC PUBLIC HEALTH",1,0.4917127071823204
"ABDULLA-AL K, 2022, BUILD ENVIRON",1,0.4917127071823204
"AL-MUSAYLH M, 2018, ADV ENG INFORM",1,0.4917127071823204
"ANDERSON N, 2008, CHILDREN SERVED BY MAINECARE",1,0.4917127071823204
"CAPUOT A, 1941, COMPTE RENDU AC 1020 CHOW TV",1,0.4917127071823204
"BADOE D, 2000, TRANSPORT RES D-TR E",1,0.4917127071823204
"AWAISI K, 2023, CLUSTER COMPUT",1,0.4917127071823204
"ANDERSEN L, 2014, SCI EDUC",1,0.4917127071823204
"ADAM T, 2007, PHYSIOL BEHAV",1,0.4917127071823204
"ACKERMAN K, 2012, WOODHEAD PUBL SER EN",1,0.4917127071823204
"AHALT S, 2012, ESTABLISHING A NATIONAL CONSORTIUM FOR DATA SCIENCE ALLCOTT H",1,0.4917127071823204
"ALMEIDA N, 2015, HUMAN-COMPUTER INTERACTION INTERACTION TECHNOLOGIES 17TH INTERNATIONAL CONFERENCE",1,0.4917127071823204
"[ANONYMOUS], 2013, 132812013 ISO",1,0.4917127071823204
"AGARWAL A, 2020, POPULATION CHANGE AND IMPACTS IN ASIA AND THE PACIFIC NEW FRONTIERS IN REGIONAL SCIENCE: ASIAN PERSPECTIVES",1,0.4917127071823204
"ACTON K, 2006, MORBIDITY AND MORTALITY WEEKLY REPORT",1,0.4917127071823204
"ALEXANDER L, 2015, TRANSPORT RES C-EMER",1,0.4917127071823204
"[ANONYMOUS], 1999, THESIS [ANONYMOUS]",1,0.4917127071823204
"ABU-SAAD K, 2010, EPIDEMIOL REV",1,0.4917127071823204
"[ANONYMOUS], 2001, RETAILING",1,0.4917127071823204
"[ANONYMOUS], 2011, 5 INT AAAI C WEBL SO [ANONYMOUS]",1,0.4917127071823204
"AGENCY F, 2017, HLTH CAR DISP RUR AR ALBERS JJ",1,0.4917127071823204
"ABEGUNDE A, 2016, WORLD J GASTROENTERO",1,0.4917127071823204
"AGUAYO M, 2007, ECOL SOC",1,0.4917127071823204
"AKINYEMIJU T, 2018, OBESITY",1,0.4917127071823204
"AJAYAKUMAR J, 2020, INT J GEOGR INF SCI",1,0.4917127071823204
"[ANONYMOUS], 2006, PVLDB",1,0.4917127071823204
"ALINSKY S, 1969, REVEILLE RADICALS ALINSKY SAUL",1,0.4917127071823204
"ALZOUBI H, 2010, RENEW ENERG",1,0.4917127071823204
"[ANONYMOUS], 2006, PARTICIPATORY SENSING [ANONYMOUS]",1,0.4917127071823204
"[ANONYMOUS], 2002, EXPT DESIGN DATA ANA BEACHLER DONALD",1,0.4917127071823204
"BASTIAANSSEN W, 1997, REMOTE SENSING SURFA BERNHOFER C",1,0.4917127071823204
"ABDULLA-AL K, 2021, SUSTAIN CITIES SOC",1,0.4917127071823204
"BATTAGLIA P, 2018, ARXIV CAI PL",1,0.4917127071823204
"AMOS P, 2021, PHYS COMMUN-AMST",1,0.4917127071823204
"BA J, 2016, ARXIV",1,0.4917127071823204
"[ANONYMOUS], 2012, UNSHARED BOUNTY STRU [ANONYMOUS]",1,0.4917127071823204
"ALY H, 2017, IEEE T MOBILE COMPUT",1,0.4917127071823204
"[ANONYMOUS], 2008, 2010",1,0.4917127071823204
"ABBOTT G, 2014, OBESITY",1,0.4917127071823204
"AMANOR-BOADU V, 2009, REV AGR ECON",1,0.4917127071823204
"[ANONYMOUS], 2013, REGRESSION ANALYSIS OF COUNT DATA",1,0.4917127071823204
"[ANONYMOUS], 2005, ECOSYSTEMS AND HUMAN WELL-BEING",1,0.4917127071823204
"AGGARWAL A, 2014, J ACAD NUTR DIET",1,0.4917127071823204
"AZPURUA M, 2010, PROG ELECTROMA RES M",1,0.4917127071823204
"ANGGRAINI R, 2016, ASIA-PAC J PUBLIC HE",1,0.4917127071823204
"ABRAMS S, 2017, PEDIATRICS",1,0.4917127071823204
"ALAIMO K, 2010, J COMMUNITY PSYCHOL",1,0.4917127071823204
"BAHDANAU D, 2016, ARXIV",1,0.4917127071823204
"ACHESON D, 1998, INDEPENDENT INQUIRY INTO INEQUALITIES IN HEALTH REPORT AILAWADI KL",1,0.4917127071823204
"AHITUV O, 2012, OPERATIONS MANAGEMEN ALIANE N",1,0.4917127071823204
"[ANONYMOUS], 2011, INT GEOPHYS",1,0.4917127071823204
"ACHESON D, 1998, INDEPENDENT INQUIRY INTO INEQUALITIES IN HEALTH REPORT ANDERSON AS",1,0.4917127071823204
"AMERICAN C, 2019, POPULATION [ANONYMOUS]",1,0.4917127071823204
"ANDREYEVA T, 2015, AM J PREV MED",1,0.4917127071823204
"AGGARWAL A, 2011, EUR J CLIN NUTR",1,0.4917127071823204
"ACHESON D, 1998, INDEPENDENCE INQUIRY [ANONYMOUS]",1,0.4917127071823204
"[ANONYMOUS], 2016, EUROPEAN PARLIAMENT AND COUNCIL REGULATION (EU) 2016/679 OF THE EUROPEAN PARLIAMENT AND OF THE COUNCIL OF 27 APRIL 2016 ON THE PROTECTION OF NATURAL PERSONS WITH REGARD TO THE PROCESSING OF PERSONAL DATA AND ON THE FREE MOVEMENT OF SUCH DATA",1,0.4917127071823204
"ALLEN A, 2003, GEOTHERMICS",1,0.4917127071823204
"BAO J, 2019, ACCIDENT ANAL PREV",1,0.4917127071823204
"ADUSAH-POKU F, 2019, WORLD DEV",1,0.4917127071823204
"*1000 F, 1991, LUTRAC ALT ABBOTT C",1,0.4917127071823204
"AKENINE-MOLLER T, 2019, REAL TIME RENDERING",1,0.4917127071823204
"ANDERSON E, 2005, INT J REMOTE SENS",1,0.4917127071823204
"AYALA G, 2008, J AM DIET ASSOC",1,0.4917127071823204
"ABBAR S, 2018, LECT NOTES COMPUT SC",1,0.4917127071823204
"ABU B, 2017, 2017 INTERNATIONAL CONFERENCE ON INNOVATIONS IN ELECTRICAL",1,0.4917127071823204
"AMR A, 2018, MOLECULES",1,0.4917127071823204
"[ANONYMOUS], 1992, FIN REP NAT COMM SEV BAIR E",1,0.4917127071823204
"AGHABOZORGI S, 2015, INFORM SYST",1,0.4917127071823204
"ALAM F, 2017, IEEE ACCESS",1,0.4917127071823204
"ACHEAMPONG F, 2021, ARTIF INTELL REV",1,0.4917127071823204
"[ANONYMOUS], 2013, NEW SCI CITIES [ANONYMOUS]",1,0.4917127071823204
"ANDO R, 2007, ADVANCES IN NEURAL INFORMATION PROCESSING SYSTEMS (NEURIPS)",1,0.4917127071823204
"[ANONYMOUS], 2014, ARXIV PREPRINT ARXIV:14126980 ASOKAN A",1,0.4917127071823204
"ALLWINE J, 2007, J APPL METEOROL CLIM",1,0.4917127071823204
"BERNSTEIN M, 2002, J AM DIET ASSOC",1,0.4917127071823204
"ANCHONDO T, 2011, J HUNGER ENVIRON NUT",1,0.4917127071823204
"ASTOVIZA M, 2016, SCI TOTAL ENVIRON",1,0.4917127071823204
"ALTMAN N, 1992, AM STAT",1,0.4917127071823204
"ANDERMANN A, 2018, PUBLIC HEALTH REV",1,0.4917127071823204
"[ANONYMOUS], 2003, CONS DOC EP SEV AC R CHO HS",1,0.4917127071823204
"AGGARWAL C, 2016, RECOMMENDER SYSTEMS: THE TEXTBOOK",1,0.4917127071823204
"ABOAH A, 2020, ADV DATA SCI ADAPT",1,0.4917127071823204
"ABOWD G, 1997, WIREL NETW",1,0.4917127071823204
"AGYEMANG C, 2007, J EPIDEMIOL COMMUN H",1,0.4917127071823204
"ALAHMER A, 2019, CASE STUD THERM ENG",1,0.4917127071823204
"AL-NORY M, 2014, RENEW ENERG",1,0.4917127071823204
"ANDERSON G, 2010, CHRONIC CARE [ANONYMOUS]",1,0.4917127071823204
"ABRAHAM A, 2010, INT J PUBLIC HEALTH",1,0.4917127071823204
"[ANONYMOUS], 1993, TIME SERIES PREDICTION: FORECASTING THE FUTURE AND UNDERSTANDING THE PAST AYARI S",1,0.4917127071823204
"ALVES L, 2015, PLOS ONE",1,0.4917127071823204
"ABU-EL-HAIFA S, 2019, PR MACH LEARN RES",1,0.4917127071823204
"ANDERSSON J, 2001, ECOL ECON",1,0.4917127071823204
"ALLEN R, 2006, AGR WATER MANAGE",1,0.4917127071823204
"ALBERTI M, 2000, INTEGRATED ASSESSMEN",1,0.4917127071823204
"ALAIMO K, 2008, J NUTR EDUC BEHAV",1,0.4917127071823204
"[ANONYMOUS], 2010, 2010 CENS URB RUR CL BEAULAC J",1,0.4917127071823204
"ANCHANG J, 2016, INT J APPL EARTH OBS",1,0.4917127071823204
"[ANONYMOUS], 1994, WILEY SERIES IN PROBABILITY AND MATHEMATICAL STATISTICS AUCHINCLOSS AH",1,0.4917127071823204
"ALAGIRISAMY B, 2022, SUSTAINABLE CITIES AND RESILIENCE: SELECT PROCEEDINGS OF VCDRR 2021 LECTURE NOTES IN CIVIL ENGINEERING (183)",1,0.4917127071823204
"AL-DOWAIHI D, 2013, AL DOW COMP MED APPL AL-HUSAIN L",1,0.4917127071823204
"ALLEGRINI J, 2013, MODELLING URBAN MICR",1,0.4917127071823204
"ALAIMO K, 2001, PEDIATRICS",1,0.4917127071823204
"[ANONYMOUS], 2009, CLOUDS BERKELEY VIEW [ANONYMOUS]",1,0.4917127071823204
"ABDULJABBAR R, 2019, SUSTAINABILITY-BASEL",1,0.4917127071823204
"ABBASI F, 2002, J AM COLL CARDIOL",1,0.4917127071823204
"[ANONYMOUS], 2006, INT J BEHAV NUTR PHY [ANONYMOUS]",1,0.4917127071823204
"[ANONYMOUS], 2012, PLANNING SUPPORT SYS [ANONYMOUS]",1,0.4917127071823204
"ADAY S, 2020, FOOD QUAL SAF-OXFORD",1,0.4917127071823204
"ATKINSON R, 2000, URBAN STUD",1,0.4917127071823204
"[ANONYMOUS], 2021, CALIFORNIA REMAINED MOST POPULOUS STATE BUT GROWTH SLOWED LAST DECADE BEVEL MS",1,0.4917127071823204
"[ANONYMOUS], 1976, LAND USE LAND COVER [ANONYMOUS]",1,0.4917127071823204
"ADLER P, 2002, ACAD MANAGE REV",1,0.4917127071823204
"[ANONYMOUS], 2012, P 11 INT C AUT AG MU [ANONYMOUS]",1,0.4917127071823204
"BADHON F, 2024, DIGIT TRANSP SAF",1,0.4917127071823204
"ABBAS A, 2015, COMPUTING",1,0.4917127071823204
"ABARBANEL H, 1996, INSTITUTE FOR NONLINEAR SCIENCE ABARBANEL HDI",1,0.4917127071823204
"[ANONYMOUS], 2009, INTRO MACHINE LEARNI ASTARITA V",1,0.4917127071823204
"BANDURA A, 1986, SOCIAL FOUNDATIONS OF THOUGHT AND ACTION: A SOCIAL COGNITIVE THEORY BARKLEY JE",1,0.4917127071823204
"ANUMANCHIPALLI G, 2019, NATURE",1,0.4917127071823204
"ABDEL-ATY M, 2006, IEEE T INTELL TRANSP",1,0.4917127071823204
"ACHEAMPONG I, 2013, J OBES",1,0.4917127071823204
"AMAIRAH A, 2018, RECENT TRENDS DATA S",1,0.5552486187845304
"ADAM S, 2019, SPRINGER OPTIM APPL",1,0.4917127071823204
"ALONSO-MORA J, 2017, P NATL ACAD SCI USA",1,0.4917127071823204
"ACHARYA R, 2020, LANCET GLOB HEALTH",1,0.4917127071823204
"AUGUSTO A, 2020, BMC PREGNANCY CHILDB",1,0.4917127071823204
"ALALI A, 2020, IEEE TRANS INTELL TRANSP SYST",1,0.4917127071823204
"AHMED A, 2018, 2018 IEEE INTERNATIONAL CONFERENCE ON EDGE COMPUTING (IEEE EDGE)",1,0.4917127071823204
"ALGAZY J, 2009, MEDICINE",1,0.4917127071823204
"AL S, 2022, SUSTAIN CITIES SOC",1,0.4917127071823204
"[ANONYMOUS], 1978, THE JOURNAL OF APPLIED ECOLOGY",1,0.4917127071823204
"ANSELIN L, 2005, URBANA",1,0.4917127071823204
"ALCENDOR D, 2020, J CLIN MED",1,0.4917127071823204
"3GPP, 2023, 3GPP STUDY ON EVALUATION METHODOLOGY OF NEW VEHICLE-TO-EVERYTHING (V2X) USE CASES FOR LTE AND NR CHENG N",1,0.4917127071823204
"AGGARWAL A, 2016, PREV MED",1,0.4917127071823204
"AL-WESABI F, 2022, SUSTAIN COMPUT-INFOR",1,0.4917127071823204
"ABRAR M, 2020, 2020 11TH IEEE ANNUAL UBIQUITOUS COMPUTING",1,0.5552486187845304
"AGUSTINA I, 2012, PROCD SOC BEHV",1,0.5552486187845304
"BLANDCHARD T, 2007, REMAKING N AM FOOD S",1,0.4917127071823204
"*AG H, 2000, AHRQ PUB",1,0.4917127071823204
"ADGER W, 1997, INCOME INEQUALITY IN FORMER CENTRALLY PLANNED ECONOMICS: RESULTS FOR THE AGRICULTURAL SECTOR IN VIETNAM (CENTRE FOR SOCIAL AND ECONOMIC RESEARCH ON THE GLOBAL ENVIRONMENT WORKING PAPER GEC 97-06) [ANONYMOUS]",1,0.4917127071823204
"*ABS, 2007, HOUS INC INC DISTR",1,0.4917127071823204
"ABRAHAM C, 2008, GLOBE MAIL",1,0.4917127071823204
"ADENEKAN B, 2013, SLEEP MED REV",1,0.4917127071823204
"ANDREYEVA T, 2012, CHOICES",1,0.4917127071823204
"ADJOIAN T, 2014, J COMMUN HEALTH",1,0.4917127071823204
"[ANONYMOUS], 2010, 1648 U WISC [ANONYMOUS]",1,0.4917127071823204
"ANDRONIE M, 2023, ISPRS INT J GEO-INF",1,0.4917127071823204
"AGRAN P, 1998, PEDIATRICS",1,0.4917127071823204
"[ANONYMOUS], 2010, PROCEEDINGS OF THE 18TH SIGSPATIAL INTERNATIONAL CONFERENCE ON ADVANCES IN GEOGRAPHIC INFORMATION SYSTEMS",1,0.4917127071823204
"BIRKIN M, 2002, RETAIL GEOGRAPHY INT BOGUE J",1,0.4917127071823204
"[ANONYMOUS], 2010, TECH REP [ANONYMOUS]",1,0.4917127071823204
"*CIT P, 1999, LOND LIN",1,0.5552486187845304
